Pool,Method,N,Top1BestJcost_FullPool,Top1BestJcost_Median,Top1BestJcost_CI95_Low,Top1BestJcost_CI95_High,PoolGlobalBestJcost_FullPool,Top1BestRegretPct_FullPool
Pool-A,Ori-SHAP,1469,139861446329.553,139861446329.553,139861446329.553,160380683216.463,116192556082.271,20.3704015518198
Pool-A,Cond-SHAP,1469,145686844670.613,145686844670.613,131823363303.012,179790022833.457,116192556082.271,25.3839743119674
Pool-A,PI-SHAP,1469,121772391968.78,121772391968.78,121772391968.78,182695648024.951,116192556082.271,4.80223180782611
Pool-B,Ori-SHAP,1489,148917188559.084,148917188559.084,148917188559.084,196560628573.714,116192556082.271,28.1641385474316
Pool-B,Cond-SHAP,1489,121772391968.78,121772391968.78,121772391968.78,139861446329.553,116192556082.271,4.80223180782611
Pool-B,PI-SHAP,1489,188817159577.721,188817159577.721,182695648024.951,199882145179.404,116192556082.271,62.503662837082
Pool-C,Ori-SHAP,1497,196560628573.714,196560628573.714,148917188559.084,200400303079.708,116192556082.271,69.1680045617878
Pool-C,Cond-SHAP,1497,121772391968.78,121772391968.78,121772391968.78,149116253091.505,116192556082.271,4.80223180782611
Pool-C,PI-SHAP,1497,182695648024.951,182695648024.951,182695648024.951,199925510037.378,116192556082.271,57.2352431042071
