Dt_hr,Method,PoolN,SelectedTop1BestJcost,GlobalBestJcost,Top1RegretPct
0.5,Ori-SHAP,3116,161785490640.912,115274509452.203,40.3480191845832
0.5,Cond-SHAP,3116,143841328391.119,115274509452.203,24.7815575834316
0.5,PI-SHAP,3116,135535858596.283,115274509452.203,17.5766084283196
1,Ori-SHAP,1469,139861446329.553,116192556082.271,20.3704015518198
1,Cond-SHAP,1469,145686844670.613,116192556082.271,25.3839743119674
1,PI-SHAP,1469,121772391968.78,116192556082.271,4.80223180782611
2,Ori-SHAP,674,143786886380.647,105915102096.066,35.7567367968271
2,Cond-SHAP,674,105915102096.066,105915102096.066,0
2,PI-SHAP,674,105915102096.066,105915102096.066,0
