RunID,Group,GroupValue,Method,N,GlobalBestJcost,Top1Jcost,Top1RegretPct
dt0p5_seed11_test23_37,temporal_granularity,dt=0.5h,Cond-SHAP,3116,115274509452.203,170273708497.069,47.71150127311594
dt0p5_seed11_test23_37,temporal_granularity,dt=0.5h,Ori-SHAP,3116,115274509452.203,235841157236.966,104.59090076176322
dt0p5_seed11_test23_37,temporal_granularity,dt=0.5h,PI-SHAP,3116,115274509452.203,167792005307.908,45.55863746918016
dt2p0_seed11_test23_37,temporal_granularity,dt=2.0h,Cond-SHAP,674,105915102096.066,170924768059.596,61.37903346830147
dt2p0_seed11_test23_37,temporal_granularity,dt=2.0h,Ori-SHAP,674,105915102096.066,266875984786.845,151.9716069808307
dt2p0_seed11_test23_37,temporal_granularity,dt=2.0h,PI-SHAP,674,105915102096.066,259996756887.901,145.47656730961887
