RunID,Group,GroupValue,Method,N,GlobalBestJcost,Top1Jcost,Top1RegretPct
k120_seed11_test23_37,train_sample_k,k=120,Cond-SHAP,1469,116192556082.271,224419963796.589,93.14487206709418
k120_seed11_test23_37,train_sample_k,k=120,Ori-SHAP,1469,116192556082.271,294240606373.841,153.2353330496506
k120_seed11_test23_37,train_sample_k,k=120,PI-SHAP,1469,116192556082.271,305765651526.416,163.15425173185486
k240_seed11_test23_37,train_sample_k,k=240,Cond-SHAP,1469,116192556082.271,204629741477.322,76.1126085671378
k240_seed11_test23_37,train_sample_k,k=240,Ori-SHAP,1469,116192556082.271,305765651526.416,163.15425173185486
k240_seed11_test23_37,train_sample_k,k=240,PI-SHAP,1469,116192556082.271,305765651526.416,163.15425173185486
