Case,Jcost,Jsupp,Jvar,IpoptStatus,IpoptIter,StartGapToSS,EndGapToSS,MaxStep,MinMarginToCmin,MaxExceedOverCmax
PI-SHAP_Jcst_top1,121772391968.78,955857.479845871,11.6809167374683,0,255,0,0,0.0800000000000001,-2.31288799223961e-09,-3.02484348679855e-08
TR_cost_reference,150126502499.424,1263728.60180751,3.39374007122615,0,306,0,0.170125025889488,0.233956676349382,-2.31288799223961e-09,-3.02484348679855e-08
