Method,Jcost,Jsupp,Jvar,TargetMetricAbs,TargetMetricFinalAbs,TargetMetricRel
tr-opt,150126502499.424,1263728.60180751,3.39374007122615,5904581425.42091,150126502499.424,1
ss-opt,235496061800.573,1744412.93985435,16.7854466980459,9628923232.91151,235496061800.573,1.63075458515251
ss-3stage,213937466707.988,1694347.4160867,16.2868533431822,8898598261.54005,213937466707.988,1.50706673689502
ss-7stage,225341010211.468,1693513.91215331,16.8107850646067,9306803644.88014,225341010211.468,1.57620040682506
ss-13stage,229568492250.455,1703040.54328003,16.5303252216689,9473739299.48305,229568492250.455,1.60447263182719
Ori-SHAP,178292910486.95,1302438.60143535,10.4866301899511,6945881651.29079,178292910486.95,1.17635462208833
Cond-SHAP,191088157748.02,1498485.61343523,7.33296182344527,7490931286.80347,191088157748.02,1.2686642366473
PI-SHAP,121772391968.78,955857.479845871,11.6809167374683,4690329454.10456,121772391968.78,0.794354267672785
