DeltaCapPerHour,SuccessRate,MeanSimSec,MedianJcost,MedianJsupp,MedianJvar,MeanMaxStep,P95MaxStep,MeanBoundaryHitRate,MeanTrajectoryStd,CompositeScore,IsRecommended
0.1,1,0.337675,209895463824.214,1682044.74584839,6.21715500518902,0.0992224423295224,0.0999171229880939,0.192666666666667,0.087154415696616,0.2,1
0.15,1,0.365662083333333,313758445298.249,1583574.24590901,9.31024286367095,0.148148645786552,0.149729398252893,0.210666666666667,0.125745741444801,0.291029883611009,0
0.2,1,0.408124083333333,321647073821.617,1612547.46419139,10.6902696960764,0.198540328233546,0.199525040877841,0.244666666666667,0.153852153841874,0.459221719565723,0
0.25,1,0.501088166666667,354751037316.606,1572295.66952169,13.7286424220634,0.244722009891239,0.249618421829858,0.29,0.181753222177088,0.655159587743619,0
0.3,1,0.508546833333333,487997057915.095,1841082.30870346,14.8741757945234,0.295865817213048,0.299520273597786,0.3,0.184082456511193,0.8,0
