Seed,DeltaCapPerHour,SimSec,MaxStep,BoundaryHitRate,Jcost,Jsupp,Jvar
260226,0.2,1.228114,0.199634237565657,0.216,483647581648.546,2172012.60566629,9.69129562980793
