Policy,Jcost,Jsupp,Jvar,ScoreCost,ScoreSupp,ScoreVar,ScoreCostW,ScoreSuppW,ScoreVarW
tr_opt,169730264636.828,1102894.42670667,15.33908779083,-65,-57,4,-74.7829987003945,-65.5727000317443,4.15235107561998
ss_opt,220131391850.315,1752991.4250135,16.5064904784622,-14,13,-21,-15.265461142081,15.2203635420244,-24.4606966563624
linear,168133324672.423,1466143.09870491,17.0226635040812,-57,-15,-72,-65.425556119805,-17.2098060178994,-82.637103391567
