RunID,Solsteps,FieldPressureRelL2,FieldFlowRelL2,FieldPressureRelMax,FieldFlowRelMax
sol192_lmax2p00,192,0.000849217689117674,0.0056290577620065,0.00370816012903189,0.0278065500395692
sol240_lmax2p00,240,0.000940651037870753,0.00705073531472682,0.00278741617290636,0.0446150744267437
sol288_lmax2p00,288,0.000671079206827574,0.00291919293011923,0.00218065112143328,0.0141575620016036
sol336_lmax2p00,336,0.00069639723764477,0.00412597937652855,0.0023710703980793,0.0101968923179256
sol384_lmax2p00,384,0,0,0,0
