Source,CaseCount,MaxPerHour_Q10,MaxPerHour_Q25,MaxPerHour_Q50,MaxPerHour_Q75,MaxPerHour_Q90,MaxPerHour_Q95,MaxPerHour_Q99,P95PerHour_Q10,P95PerHour_Q25,P95PerHour_Q50,P95PerHour_Q75,P95PerHour_Q90,P95PerHour_Q95,P95PerHour_Q99,MeanPerHour_Q50,MeanPerHour_Q75
cost,4,0.0652936999709193,0.0662365418755667,0.0740689568569887,0.13463132259812,0.188304115262476,0.188304115262476,0.188304115262476,0.044936281001081,0.0465624920542479,0.0499344487588404,0.0536235343753856,0.0555668743405051,0.0555668743405051,0.0555668743405051,0.0137873304636117,0.0148969169079401
cost_supply,12,0.0743704568240065,0.0798690461497953,0.0826509923745864,0.0893789494336911,0.0928448533413758,0.0953630669797941,0.0957827692528639,0.0410878268744006,0.0423555901173627,0.0470160445167529,0.0498345807827595,0.0511517465148755,0.0515980136281398,0.0516723914803505,0.0137883701281548,0.0139222941154747
all,16,0.0673946015449709,0.0776531013694025,0.082273791641425,0.0893789494336911,0.0953630669797942,0.160547711459592,0.188304115262476,0.0416923493051296,0.0427677038600854,0.0485988083434021,0.0505582799123885,0.0516794141172745,0.0544008703614334,0.0555668743405051,0.0137883701281548,0.0139412932808618
