Curve,R2Flat,RMSEFlat,MAEFlat,RMSEPerCaseMean,MAEPerCaseMean,PCAComponents,PCAExplainedPercent
m_cost,0.998247100925155,143614.690578779,105795.128873179,138266.286576807,105795.128873179,11,99.8006502472891
m_supp,0.990802005883163,9.72611769972475,6.3355270617312,8.71325603824632,6.33552706173119,12,98.8529315166021
