CaseLabel,JcostTrue,JcostPred,JsuppTrue,JsuppPred,JvarTrue,JvarPred,RMSECostCurve,RMSESuppCurve
DOE sample 105,204517783591.819,202893082346.304,1450893.77704122,1454927.85841449,6.16101075906452,6.31232577115382,152437.167596827,13.5514055605272
DOE sample 512,285151406942.46,274842560836.56,1985121.78237233,1978292.69178726,3.15866002456342,3.48180298413542,115232.961890043,5.16466776384478
DOE sample 49,410144471575.935,413849246039.624,2245868.90308637,2237447.25306393,4.4502856468539,4.35941637292202,105292.743622426,4.82689749577261
