Method,Jcost,Jsupp,Jvar,TargetMetricAbs,TargetMetricFinalAbs,TargetMetricRel
tr-opt,424043365920.023,2365577.14149365,2.36709508551044,49247.1071329495,2365577.14149365,1
ss-opt,235496061800.573,1744412.93985435,16.7854466980459,77388.3904059988,1744412.93985435,1.57143017958553
ss-3stage,213937466707.988,1694347.4160867,16.2868533431822,74423.0967584496,1694347.4160867,1.51121763472388
ss-7stage,225341010211.468,1693513.91215331,16.8107850646067,75884.0733718525,1693513.91215331,1.54088387703653
ss-13stage,229568492250.455,1703040.54328003,16.5303252216689,76320.8472538255,1703040.54328003,1.54975290320681
Ori-SHAP,528101648037.871,2613478.73834729,3.27092924676865,104095.529094562,2613478.73834729,2.11373896163162
Cond-SHAP,436064792601.925,2448047.36330797,3.07865564123672,97498.0186437726,2448047.36330797,1.97977148953263
PI-SHAP,443316075285.791,2378760.54995307,5.59839546414373,94533.5530504482,2378760.54995307,1.91957575894238
