Zeta,MeanDvNormKept,MeanDvNormAll,NKept,NTotal
0.277094489753791,0.233154581716595,0.238690991429326,3116,3116
