Learner,LabelAccuracy,Top1Regret,Top1Seed,Top1RawCase
CART_Gini,0.786564615131688,0.724725833019915,37,486
CART_Entropy,0.786819781325494,0.724725833019915,37,486
RF_Bag,0.763040757062364,0.724725833019915,37,486
AdaBoost_Stump,0.856164969535646,0.724725833019915,37,486
