Learner,PearsonCorr_Jcost,Top1Jcost,OracleJcost,Top1Regret,Top1Seed,Top1RawCase,CaseFileKey
CART_Gini,0.194641428409476,200400303079.708,116192556082.271,0.724725833019915,37,486,cart_gini
CART_Entropy,0.210258924584715,200400303079.708,116192556082.271,0.724725833019915,37,486,cart_entropy
RF_Bag,0.261442471227028,200400303079.708,116192556082.271,0.724725833019915,37,486,rf_bag
AdaBoost_Stump,0.364021735802504,200400303079.708,116192556082.271,0.724725833019915,37,486,adaboost_stump
