Method,Jcost,Jsupp,Jvar,TargetMetricAbs,TargetMetricFinalAbs,TargetMetricRel
Ori-SHAP,269391014300.985,1890959.98090388,1.86585150024382,0.0703252704452806,1.86585150024382,1
Cond-SHAP,436064792601.925,2448047.36330797,3.07865564123672,0.124186338494513,3.07865564123672,1.76588497574483
PI-SHAP,369052868755.491,2066971.35465279,3.37423001007953,0.132233937703187,3.37423001007953,1.88031893607969
