Method,UniquePoints,FrontPoints,HV,HVRelToRef,IGD,EpsilonAdd,MeanFrontDist,P90FrontDist
Ori-SHAP,16,9,0.599388883585242,0.764682224040268,0.105924913554257,0.345111678113961,0.144182414703007,0.142550845729341
Cond-SHAP,14,9,0.599110356352808,0.764326887414271,0.16904833611934,0.195357499883438,0.234637825729745,0.237181846201969
PI-SHAP,16,9,0.648548169978452,0.82739815601842,0.0833138033161568,0.176709671717271,0.122908165941359,0.123492016943611
