Learner,Objective,PearsonCorr
CART_Gini,Jcost,0.194641428409476
CART_Gini,Jsupp,0.735474599997137
CART_Gini,Jvar,0.537920323789829
CART_Entropy,Jcost,0.210258924584715
CART_Entropy,Jsupp,0.727886049087918
CART_Entropy,Jvar,0.54777812723162
RF_Bag,Jcost,0.261442471227028
RF_Bag,Jsupp,0.694606165070663
RF_Bag,Jvar,0.574572745605444
AdaBoost_Stump,Jcost,0.364021735802504
AdaBoost_Stump,Jsupp,0.744110934612624
AdaBoost_Stump,Jvar,0.977039253196186
