Learner,ClassificationAccuracy,Top1BestJcost,Top5BestJcost,Top10BestJcost,OracleBestJcost,RelativeCostTop1,RelativeCostTop5,RelativeCostTop10
CART-G,0.786564615131688,200400303079.708,200400303079.708,200400303079.708,116192556082.271,0.579802297185429,0.579802297185429,0.579802297185429
CART-E,0.786819781325494,200400303079.708,200400303079.708,139988753231.219,116192556082.271,0.579802297185429,0.579802297185429,0.830013507516251
RF-BAG,0.763040757062364,200400303079.708,200400303079.708,139988753231.219,116192556082.271,0.579802297185429,0.579802297185429,0.830013507516251
Ada-S,0.856164969535646,200400303079.708,168505361612.808,157695300954.46,116192556082.271,0.579802297185429,0.689548124582875,0.736816857439688
