Learner,AvgBestRegretTop3,AvgMeanRegretTop3,AvgBestRegretTop5,AvgMeanRegretTop5,AvgHitOracleTop3,AvgHitOracleTop5,AvgNumTrees,AvgNumSplits,AvgNumLeaves,AvgMaxDepth,AvgTestBalancedAcc
CART_Gini,0.410120103463643,0.883840340913229,0.410120103463643,1.09483099758684,0,0,1,13,14,6.13333333333333,0.656219847745727
CART_Entropy,0.393653230005063,0.878351383093702,0.393653230005063,1.00989185610035,0,0,1,12.4,13.4,5.86666666666667,0.650887170005553
RF_Bag,0.433434845024241,0.947409510396775,0.393653230005063,1.08740028642485,0,0,80,159.030833333333,160.030833333333,15.6633333333333,0.617658374186131
AdaBoost_Stump,0.320169804295769,0.425323974362384,0.280137213385729,0.468245110613057,0.333333333333333,0.333333333333333,120,NaN,NaN,NaN,0.696456767895943
