Learner,ClassificationAccuracy,Top1BestRegret,Top5BestRegret,Top1BestJcost,Top5BestJcost,Top1OracleJcost,Top5OracleJcost,Top1RelativeCostMetric,Top5RelativeCostMetric
CART-G,0.786564615131688,0.724725833019915,0.724725833019911,200400303079.708,200400303079.708,116192556082.271,116192556082.271,0.579802297185429,0.579802297185429
CART-E,0.786819781325494,0.724725833019915,0.724725833019911,200400303079.708,200400303079.708,116192556082.271,116192556082.271,0.579802297185429,0.579802297185429
RF-BAG,0.763040757062364,0.724725833019915,0.724725833019911,200400303079.708,200400303079.708,116192556082.271,116192556082.271,0.579802297185429,0.579802297185429
Ada-S,0.856164969535646,0.724725833019915,0.450225103004846,200400303079.708,168505361612.808,116192556082.271,116192556082.271,0.579802297185429,0.689548124582875
