Learner,LabelAccuracy,Top1BestRegret,Top5BestRegret,Top1Bestness,Top5Bestness
CART-G,0.786564615131688,0.724725833019915,0.724725833019911,0.275274166980085,0.275274166980089
CART-E,0.786819781325494,0.724725833019915,0.724725833019911,0.275274166980085,0.275274166980089
RF-BAG,0.763040757062364,0.724725833019915,0.724725833019911,0.275274166980085,0.275274166980089
Ada-S,0.856164969535646,0.724725833019915,0.450225103004846,0.275274166980085,0.549774896995154
