Learner,LabelAccuracy,Top5BestRegret,Top5MeanRegret
CART Gini (Ours),0.786564615131688,0.724725833019911,0.963232339617055
CART Entropy,0.786819781325494,0.724725833019911,0.933224573378539
RF Bag,0.763040757062364,0.724725833019911,0.963232339617055
AdaBoost Stump,0.856164969535646,0.450225103004846,0.758341121689824
