Zeta,MeanDvNormKept,MeanDvNormAll,NKept,NTotal
0.266821775741053,0.208614733459817,0.21713690522202,1469,1469
