Objective,Sense,SourceRun,PI_SHAP,Ori_SHAP,Cond_SHAP,PI_vs_Ori_pct,PI_vs_Cond_pct,PI_is_best_among3
Jcst,min,S020 baseline,121772391968.78,178292910486.95,191088157748.02,31.70093435785097,36.274234152512896,1
Jstg,max,Jstg fast rerank,2637153.70389614,2613478.73834729,2572540.73674746,0.9058794013308747,2.5116401939031037,1
Jvar,min,C1 fast-refine,1.54425573838376,2.45137512316346,1.86585150024382,37.00451131318805,17.23587122651698,1
