Metric,Sense,PI_SHAP,Ori_SHAP,Cond_SHAP,PI_vs_Ori_pct,PI_vs_Cond_pct,PI_is_best_among3
HVRelToRef,max,0.82739815601842,0.764682224040268,0.764326887414271,8.201567920173002,8.25187097859661,1
IGD,min,0.0833138033161568,0.105924913554257,0.16904833611934,21.346357036693075,50.71598737455703,1
EpsilonAdd,min,0.176709671717271,0.345111678113961,0.195357499883438,48.796380150625076,9.545488746167111,1
MeanFrontDist,min,0.122908165941359,0.144182414703007,0.234637825729745,14.755092571774153,47.617923257214215,1
P90FrontDist,min,0.123492016943611,0.142550845729341,0.237181846201969,13.369846168374686,47.933613418940574,1
