Method,Jcost,Jsupp,Jvar,TargetMetricAbs,TargetMetricFinalAbs,TargetMetricRel
Ori-SHAP,393901081861.499,2485036.02464438,2.45137512316346,0.100257515840503,2.45137512316346,1
Cond-SHAP,269391014300.985,1890959.98090388,1.86585150024382,0.0703252704452806,1.86585150024382,0.701446368940152
PI-SHAP,255015734796.361,1923038.45583646,1.54425573838376,0.0577479179650044,1.54425573838376,0.575995898969549
