Seed,ActionDt_hr,NSamples,OKRate,MeanSimSec,MedianJcost,MedianJsupp,MedianJvar
11,1,3,1,0.918759333333333,306127211705.598,1904122.00783295,5.30156269087012
11,2,3,1,0.320152333333333,466126712543.107,2372049.82995279,4.67176660559811
23,1,3,1,0.282123333333333,274136104147.954,1762033.6116676,6.71278310829522
23,2,3,1,0.269089333333333,263424113057.344,1783530.98438214,9.24880839828286
37,1,3,1,0.383643333333333,223144613312.859,1577365.94246874,6.59325675771846
37,2,3,1,0.229639,291803943547.285,1588940.07608057,11.9465891713901
