RunID,Solsteps,Lmax_km,EqMassAbsP95,EqMomentumAbsMedian,EqMomentumAbsMedianRaw
sol384_lmax_5p00,384,5,0.000887488816179014,0.0153729211082523,0.0153729211082523
sol384_lmax_4p00,384,4,0.000712845396205368,0.0150315394294021,0.0150315394294021
sol384_lmax_3p00,384,3,0.000673527632044734,0.0099855043097404,0.0099855043097404
sol384_lmax_2p50,384,2.5,0.000497604819382319,0.00978579422354559,0.0107651269774363
sol384_lmax_2p00,384,2,0.00046273940293448,0.00959007833907468,0.0102173363881096
