Zeta,MeanDvNormKept,MeanDvNormAll,NKept,NTotal
0.269652641066175,0.209730607122987,0.21713690522202,1497,1497
