Zeta,MeanDvNormKept,MeanDvNormAll,NKept,NTotal
0.268824781087221,0.209410953311341,0.21713690522202,1489,1489
