Zeta,MeanDvNormKept,MeanDvNormAll,NKept,NTotal
0.22999110812755,0.163166546558097,0.171868999633636,674,674
