RunID,Solsteps,Lmax_km,NodeCount,EdgeCount,RuntimeSec,SetupSec,EqMassAbsMean,EqMassAbsMedian,EqMassAbsP95,EqMassRelMean,EqMassRelMedian,EqMassRelP95,EqMomentumAbsMean,EqMomentumAbsMedian,EqMomentumAbsP95,EqMomentumRelMean,EqMomentumRelMedian,EqMomentumRelP95,Status,Message,IsReference,FieldPressureRelL2,FieldFlowRelL2,FieldPressureRelMax,FieldFlowRelMax
sol192_lmax2p00,192,2,461,460,1.884321,0.025827,0.000281591587037425,0.000155895982538252,0.000851589286671519,0.0716771103493487,0.051089459373175,0.203246600903052,0.0541870604323038,0.0350863168300294,0.1603011989395,0.993803151838491,0.999939441680866,1.01327527521399,ok,,0,0.000849217689117674,0.0056290577620065,0.00370816012903189,0.0278065500395692
sol240_lmax2p00,240,2,461,460,2.012714,0.028397,0.000266424208285873,0.000178113263583085,0.000731451744495469,0.109136716635538,0.0808455646391812,0.272226730892902,0.0541566947487449,0.0155687654427849,0.191114489634081,0.987242218660383,1.0000321367962,1.0029063004084,ok,,0,0.000940651037870753,0.00705073531472682,0.00278741617290636,0.0446150744267437
sol288_lmax2p00,288,2,461,460,2.035827,0.038599,0.000190104884578048,0.000116820968568959,0.000605501421729233,0.0934152956857179,0.0520279344829755,0.390096497672618,0.0443875309251538,0.015328749937407,0.20427540680345,0.990790085035591,0.999972881244281,1.01013994658299,ok,,0,0.000671079206827574,0.00291919293011923,0.00218065112143328,0.0141575620016036
sol336_lmax2p00,336,2,461,460,1.944206,0.02877,0.00014664190168137,8.99828823636374e-05,0.000482197335301158,0.0807602692419767,0.0490466211738605,0.245766096622946,0.0293810330146047,0.0118251877402321,0.0897935787209265,0.988961603960756,1.00003839350076,1.00980308645442,ok,,0,0.00069639723764477,0.00412597937652855,0.0023710703980793,0.0101968923179256
sol384_lmax2p00,384,2,461,460,2.016737,0.036535,0.000133480710465757,7.11846011503472e-05,0.00046273940293448,0.0817358427166562,0.0489507656756769,0.283221546218243,0.0342589605749795,0.0102173363881096,0.165294025382833,0.992049480005522,1.00008778289794,1.02201892600007,ok,,1,0,0,0,0
