RankByMeanJsingle,Method,MeanCost,StdCost,MeanDiscomfort,StdDiscomfort,MeanJsingle,StdJsingle
1,Opt-Exhaustive,41.4560662563828,4.48910438580608,58.151149326991,66.181780705466,170.240594775763,145.609984975502
2,Rule-PriceAware,31.2183354660174,3.06930867049739,433.544497275261,231.8511439683,985.220229471593,510.432131397998
3,Rule-ComfortFirst,62.6318061184145,6.54840270345695,637.583115984659,389.009007105858,1465.62066128466,855.654683911739
4,Pareto-Knee,16.8800389125812,1.62105676197849,881.626381575769,515.514302450071,1956.90007837927,1134.2419178362
5,Pareto-MinCost,0,0,2929.01193361579,794.210860641437,6443.87625395474,1747.26389341116
