Method,SpearmanScoreVsNegMetric,PearsonScoreVsNegMetric,MeanAbsContribution
Ori-SHAP,0.958906779541843,0.965187825275963,0.0212515025707258
Cond-SHAP,0.954485335133336,0.958875364035937,0.0213730611839083
PI-SHAP,0.973163973693709,0.97484667846755,0.0142281158891459
