Objective,Method,MeanRegretTop1Pct,StdRegretTop1Pct,MeanRegretTop5Pct,StdRegretTop5Pct,MeanSpearman,StdSpearman,RankByMeanTop1,CompositeScore,RankByComposite
multi,Cond-SHAP,2.237654535989,3.16434311684645,0.89526359579827,2.00187025798583,0.921353748571763,0.011570371165312,1,0.543250473464034,2
multi,Ori-SHAP,4.52199624722447,6.28381517869591,1.22524399668686,1.95278551153347,0.926615006005918,0.00931031598392798,2,0.895494358513572,3
multi,PI-SHAP,5.35769299193774,5.35543286225029,0.582632488613908,1.30280585044057,0.952341209386811,0.0026447146457957,3,0.2,1
single,Cond-SHAP,60.4255080279241,56.0819357088984,19.749692801338,21.1362929235005,0.899565523100812,0.0109519842260512,1,0.702515592790267,2
single,Ori-SHAP,111.040558391673,80.8405334480233,23.8003196058015,31.4041831182206,0.902126168224299,0.00854331683273318,2,0.833988184776506,3
single,PI-SHAP,229.335081067885,206.512443351312,3.02455186815322,6.76310357866458,0.929175944101017,0.00391355968208139,3,0.2,1
