Method,SpearmanScoreVsNegMetric,PearsonScoreVsNegMetric,MeanAbsContribution
Ori-SHAP,0.918930357703684,0.921512548617067,179.959295563774
Cond-SHAP,0.918529083639193,0.926181558522852,180.852649769674
PI-SHAP,0.933951920237375,0.935238268843825,121.51213754047
