Feature,Ori_SHAP,Cond_SHAP,PI_SHAP
B1_Z1,182.253602300659,187.409556982362,111.513221661511
B2_Z1,189.841027599967,189.57888335022,119.639266189669
B3_Z1,322.810883488957,324.892594821356,184.745496258013
B4_Z1,107.27419603706,107.801730628033,68.8233612301053
B1_Z2,163.392360253678,165.31950653139,113.156536117019
B2_Z2,156.994792137518,157.131813645342,118.760518724683
B3_Z2,230.881560919836,229.159861447192,187.259758534348
B4_Z2,86.2259417725124,85.5272507514968,68.1989416084119
