Objective,TrainRMSE,TestRMSE,TrainR2,TestR2
single,41.5238124080408,44.1870325088051,0.995669392502179,0.99453721942071
multi_balanced,0.00309151796961005,0.00328979121084669,0.998236470679329,0.99812346986465
