Feature,Ori_SHAP,Cond_SHAP,PI_SHAP
B1_Z1,0.0277397644832885,0.0276410256101215,0.0168453280728452
B2_Z1,0.0160773241443711,0.0164015484405345,0.011021281307003
B3_Z1,0.0139377562334031,0.0140292180808176,0.00884229236110502
B4_Z1,0.0323248070200456,0.0323384895869859,0.0202210041608804
B1_Z2,0.0241375175890676,0.0243556093807001,0.0166147749262477
B2_Z2,0.0162587859792295,0.0165465164145533,0.0110477986693722
B3_Z2,0.0125269361869423,0.0124993246718665,0.00888983895031151
B4_Z2,0.0270091289294588,0.0271727572856874,0.0203426086654023
