Rank,Method,Source,Cost,Discomfort,Smoothness,EnergyKWh,Jsingle,RegretVsOptPct,ComfortViolationHours,Tmax,Tmin
1,Opt-Exhaustive,discrete_global_search,38.416,7.95759199609097,2.13,172.2,56.7747023914001,0,15,26.6,22.0343023697656
2,Rule-PriceAware,handcrafted_rule,29.204,255.181615037882,0.51,147,590.80755308334,940.617613475737,42,30.1809462315271,20.6362797547734
3,Rule-EcoNight,handcrafted_rule,15.68,689.761505404948,0.265,88.2,1533.26131189089,2600.60651541722,39,31.8576170790493,21.3836045170666
4,Rule-ComfortFirst,handcrafted_rule,58.24,824.426141783928,0.765,285.6,1872.28351192464,3197.74253859981,46,26.6,16.4275865636283
